<?xml version="1.0" encoding="UTF-8"?>

-<beans xmlns:lang="http://www.springframework.org/schema/lang" xsi:schemaLocation="http://www.springframework.org/schema/beans http://www.springframework.org/schema/beans/spring-beans.xsd http://www.springframework.org/schema/mvc http://www.springframework.org/schema/mvc/spring-mvc.xsd http://www.springframework.org/schema/aop http://www.springframework.org/schema/aop/spring-aop.xsd http://www.springframework.org/schema/context http://www.springframework.org/schema/context/spring-context.xsd http://www.springframework.org/schema/jee http://www.springframework.org/schema/jee/spring-jee.xsd http://www.springframework.org/schema/lang http://www.springframework.org/schema/lang/spring-lang.xsd http://www.springframework.org/schema/tx http://www.springframework.org/schema/tx/spring-tx.xsd http://www.springframework.org/schema/util http://www.springframework.org/schema/util/spring-util.xsd" xmlns:util="http://www.springframework.org/schema/util" xmlns:tx="http://www.springframework.org/schema/tx" xmlns:p="http://www.springframework.org/schema/p" xmlns:mvc="http://www.springframework.org/schema/mvc" xmlns:jee="http://www.springframework.org/schema/jee" xmlns:context="http://www.springframework.org/schema/context" xmlns:aop="http://www.springframework.org/schema/aop" xmlns:xsi="http://www.w3.org/2001/XMLSchema-instance" xmlns="http://www.springframework.org/schema/beans">

<context:component-scan base-package="com.kce"/>

<mvc:annotation-driven/>

<context:annotation-config/>


-<bean class="org.springframework.web.servlet.view.InternalResourceViewResolver">

<property value="/WEB-INF/views/" name="prefix"/>

<property value=".jsp" name="suffix"/>

</bean>

<bean class="org.springframework.beans.factory.config.PropertyPlaceholderConfigurer" p:locations="/WEB-INF/jdbc.properties" id="propertyConfigurer"/>

<bean class="org.apache.commons.dbcp.BasicDataSource" id="dataSource" p:password="${jdbc.password}" p:username="${jdbc.username}" p:url="${jdbc.databaseurl}" p:driverClassName="${jdbc.driverClassName}" destroy-method="close"/>


-<bean class="org.springframework.orm.hibernate3.annotation.AnnotationSessionFactoryBean" id="sessionFactory">

<property name="dataSource" ref="dataSource"/>


-<property name="configLocation">

<value>classpath:hibernate.cfg.xml</value>

</property>


-<property name="hibernateProperties">


-<props>

<prop key="hibernate.dialect">${jdbc.dialect}</prop>

<prop key="hibernate.show_sql">true</prop>

</props>

</property>

</bean>

<tx:annotation-driven/>


-<bean class="org.springframework.orm.hibernate3.HibernateTransactionManager" id="transactionManager">

<property name="sessionFactory" ref="sessionFactory"/>

</bean>


-<bean class="org.springframework.context.support.ReloadableResourceBundleMessageSource" id="messageSource">

<property value="WEB-INF/classes/messages" name="basename"/>

</bean>

</beans>